{"stats":{"minecraft:mined":{"minecraft:grass":1,"minecraft:grass_block":1,"minecraft:oak_log":5,"minecraft:dirt":3,"minecraft:stone":12},"minecraft:picked_up":{"minecraft:oak_log":5,"minecraft:dirt":4,"minecraft:cobblestone":12},"minecraft:crafted":{"minecraft:stone_sword":1,"minecraft:oak_planks":20,"minecraft:stone_axe":1,"minecraft:crafting_table":2,"minecraft:stick":12,"minecraft:stone_pickaxe":1,"minecraft:wooden_pickaxe":1},"minecraft:custom":{"minecraft:time_since_rest":3135,"minecraft:crouch_one_cm":1575,"minecraft:play_time":3135,"minecraft:sprint_one_cm":2708,"minecraft:damage_taken":24,"minecraft:walk_one_cm":2327,"minecraft:sneak_time":413,"minecraft:walk_under_water_one_cm":85,"minecraft:damage_dealt_resisted":2,"minecraft:jump":21,"minecraft:damage_dealt":22,"minecraft:time_since_death":3135,"minecraft:walk_on_water_one_cm":495,"minecraft:total_world_time":3135,"minecraft:swim_one_cm":608,"minecraft:interact_with_crafting_table":5,"minecraft:fall_one_cm":687,"minecraft:fly_one_cm":3911},"minecraft:used":{"minecraft:crafting_table":2,"minecraft:stone_pickaxe":3,"minecraft:wooden_pickaxe":9}},"DataVersion":3465}