{"stats":{"minecraft:used":{"croptopia:nectarine":1,"croptopia:tomato":1,"alexsmobs:animal_dictionary":2,"croptopia:raspberry":1},"minecraft:dropped":{"croptopia:tomato_seed":2,"croptopia:tea_leaves":1},"minecraft:mined":{"croptopia:nectarine_crop":1,"croptopia:raspberry_crop":1,"minecraft:oak_leaves":1,"croptopia:tomato_crop":1},"minecraft:picked_up":{"croptopia:nectarine":1,"croptopia:tomato_seed":4,"croptopia:raspberry_seed":1,"croptopia:tea_leaves":1,"croptopia:raspberry":1,"croptopia:tomato":1},"minecraft:custom":{"minecraft:time_since_rest":2782,"minecraft:crouch_one_cm":1102,"minecraft:sprint_one_cm":20450,"minecraft:play_time":7301,"minecraft:deaths":1,"minecraft:damage_taken":297,"minecraft:walk_one_cm":7674,"minecraft:sneak_time":336,"minecraft:drop":3,"minecraft:jump":168,"minecraft:damage_dealt":68,"minecraft:leave_game":1,"minecraft:time_since_death":3528,"minecraft:total_world_time":7301,"minecraft:fall_one_cm":6266,"minecraft:fly_one_cm":17751}},"DataVersion":3465}