{"stats":{"minecraft:killed":{"grimoireofgaia:bee":1,"grimoireofgaia:cyan_flower":1,"minecraft:chicken":1,"alexsmobs:seagull":1,"grimoireofgaia:dryad":2},"minecraft:used":{"croptopia:nectarine":1,"croptopia:tomato":1,"minecraft:smithing_table":1,"alexsmobs:cooked_kangaroo_meat":10,"alexsmobs:animal_dictionary":4,"croptopia:raspberry":1,"croptopia:tea":2},"minecraft:dropped":{"croptopia:tomato_seed":4,"minecraft:poppy":1,"minecraft:iron_nugget":2,"minecraft:cooked_beef":64,"alexsmobs:animal_dictionary":1,"grimoireofgaia:taproot":1,"tombstone:gift":3,"croptopia:tea_leaves":2,"tacz:modern_kinetic_gun":3,"tacz:ammo":136,"croptopia:tea_seed":1},"minecraft:mined":{"croptopia:nectarine_crop":1,"croptopia:tea_crop":1,"croptopia:tomato_crop":1,"croptopia:raspberry_crop":1,"croptopia:blackbean_crop":1,"minecraft:oak_leaves":3},"minecraft:killed_by":{"grimoireofgaia:mandragora":1,"minecraft:player":12},"minecraft:picked_up":{"grimoireofgaia:taproot":2,"croptopia:nectarine":1,"croptopia:blackbean":1,"croptopia:blackbean_seed":1,"croptopia:tea_leaves":3,"croptopia:tea_seed":2,"tombstone:gift":3,"tacz:ammo":32,"tacz:modern_kinetic_gun":2,"croptopia:raspberry_seed":1,"minecraft:bucket":1,"croptopia:tomato_seed":6,"croptopia:raspberry":1,"croptopia:tomato":1,"minecraft:iron_nugget":3,"minecraft:poppy":1,"croptopia:tea":1},"minecraft:custom":{"minecraft:time_since_rest":3956,"minecraft:interact_with_smithing_table":2,"minecraft:sprint_one_cm":156914,"minecraft:damage_taken":3929,"minecraft:walk_one_cm":69100,"minecraft:mob_kills":6,"minecraft:drop":23,"minecraft:damage_dealt":425,"minecraft:swim_one_cm":916,"minecraft:fly_one_cm":149814,"minecraft:player_kills":12,"minecraft:crouch_one_cm":11307,"minecraft:play_time":43301,"minecraft:deaths":14,"minecraft:sneak_time":4066,"minecraft:walk_under_water_one_cm":944,"tombstone:tomb_raiding":2,"minecraft:jump":1099,"minecraft:time_since_death":4108,"minecraft:leave_game":1,"minecraft:walk_on_water_one_cm":884,"minecraft:total_world_time":43301,"minecraft:fall_one_cm":38885}},"DataVersion":3465}