{"stats":{"minecraft:mined":{"croptopia:lime_crop":1,"croptopia:blackberry_crop":1,"minecraft:birch_log":6},"minecraft:picked_up":{"minecraft:birch_log":5,"croptopia:radish":1,"croptopia:cantaloupe_seed":2,"croptopia:blackberry_seed":5,"croptopia:blackberry":1,"croptopia:tomato_seed":2,"croptopia:radish_seed":2,"croptopia:tomato":2,"croptopia:elderberry":1,"croptopia:elderberry_seed":1,"croptopia:celery":1,"croptopia:blueberry_seed":2,"croptopia:lime":1,"alexsmobs:animal_dictionary":1,"croptopia:cantaloupe":3},"minecraft:crafted":{"minecraft:birch_planks":20,"minecraft:crafting_table":1,"minecraft:stick":4},"minecraft:custom":{"minecraft:time_since_rest":10145,"minecraft:crouch_one_cm":364,"minecraft:play_time":10145,"minecraft:sprint_one_cm":47697,"minecraft:damage_taken":40,"minecraft:walk_one_cm":8023,"minecraft:sneak_time":537,"minecraft:drop":3,"minecraft:jump":203,"minecraft:walk_on_water_one_cm":720,"minecraft:time_since_death":10145,"minecraft:total_world_time":10145,"minecraft:swim_one_cm":949,"minecraft:fall_one_cm":6390,"minecraft:fly_one_cm":46903},"minecraft:used":{"croptopia:tomato":1,"alexsmobs:animal_dictionary":4},"minecraft:dropped":{"croptopia:tomato_seed":1,"alexsmobs:animal_dictionary":1,"croptopia:cantaloupe":1}},"DataVersion":3465}