{"stats":{"minecraft:killed":{"grimoireofgaia:cyan_flower":1},"minecraft:used":{"croptopia:nectarine":1,"croptopia:tomato":1,"alexsmobs:cooked_kangaroo_meat":1,"alexsmobs:animal_dictionary":2,"croptopia:raspberry":1,"croptopia:tea":2},"minecraft:dropped":{"croptopia:tomato_seed":2,"minecraft:poppy":1,"croptopia:tea_leaves":1},"minecraft:mined":{"croptopia:nectarine_crop":1,"croptopia:raspberry_crop":1,"croptopia:blackbean_crop":1,"croptopia:tea_crop":1,"minecraft:oak_leaves":2,"croptopia:tomato_crop":1},"minecraft:killed_by":{"grimoireofgaia:mandragora":1},"minecraft:picked_up":{"croptopia:nectarine":1,"croptopia:blackbean":1,"croptopia:blackbean_seed":1,"minecraft:bucket":1,"croptopia:tomato_seed":4,"croptopia:raspberry_seed":1,"croptopia:tea_leaves":2,"croptopia:raspberry":1,"croptopia:tomato":1,"minecraft:poppy":1,"croptopia:tea_seed":1,"croptopia:tea":1},"minecraft:custom":{"minecraft:time_since_rest":4816,"minecraft:crouch_one_cm":2161,"minecraft:sprint_one_cm":75342,"minecraft:play_time":19301,"minecraft:deaths":2,"minecraft:damage_taken":677,"minecraft:walk_one_cm":23058,"minecraft:sneak_time":1203,"minecraft:mob_kills":1,"minecraft:drop":4,"minecraft:jump":482,"minecraft:damage_dealt":215,"minecraft:leave_game":1,"minecraft:time_since_death":5176,"minecraft:total_world_time":19301,"minecraft:fall_one_cm":14177,"minecraft:fly_one_cm":61643}},"DataVersion":3465}