{"stats":{"minecraft:killed":{"grimoireofgaia:cyan_flower":1,"minecraft:zombie_villager":1,"alexsmobs:seagull":1,"grimoireofgaia:bee":1,"minecraft:zombie":1,"minecraft:chicken":1,"grimoireofgaia:dryad":2},"minecraft:used":{"croptopia:tomato":1,"tacz:gun_smith_table":7,"minecraft:oak_leaves":5,"alexsmobs:cooked_kangaroo_meat":10,"croptopia:raspberry":1,"easy_villagers:converter":1,"croptopia:tea":2,"minecraft:oak_log":9,"croptopia:nectarine":1,"easy_villagers:villager":2,"minecraft:lantern":2,"easy_villagers:trader":2,"minecraft:smithing_table":1,"alexsmobs:animal_dictionary":4,"alexsmobs:spawn_egg_cosmic_cod":1,"cataclysm:void_lantern_block":5},"minecraft:dropped":{"minecraft:iron_nugget":2,"minecraft:cooked_beef":64,"alexsmobs:animal_dictionary":1,"tombstone:gift":3,"tacz:gun_smith_table":1,"minecraft:golden_apple":1,"croptopia:tomato_seed":4,"minecraft:poppy":1,"grimoireofgaia:taproot":1,"croptopia:tea_leaves":2,"easy_villagers:villager":1,"alexsmobs:spawn_egg_cosmic_cod":3,"tacz:modern_kinetic_gun":3,"tacz:ammo":136,"croptopia:tea_seed":1,"minecraft:lectern":2},"minecraft:crafted":{"minecraft:bookshelf":1},"minecraft:mined":{"croptopia:raspberry_crop":1,"croptopia:blackbean_crop":1,"croptopia:nectarine_crop":1,"croptopia:tea_crop":1,"minecraft:birch_leaves":1,"croptopia:tomato_crop":1,"minecraft:oak_leaves":6},"minecraft:killed_by":{"minecraft:player":13,"grimoireofgaia:mandragora":1},"minecraft:picked_up":{"croptopia:nectarine":1,"croptopia:tea_leaves":3,"tombstone:gift":3,"minecraft:lantern":2,"tacz:ammo":32,"minecraft:bucket":1,"croptopia:tomato_seed":6,"croptopia:raspberry":1,"croptopia:tomato":1,"minecraft:iron_nugget":3,"minecraft:poppy":1,"minecraft:lectern":1,"grimoireofgaia:taproot":2,"croptopia:blackbean":1,"croptopia:blackbean_seed":1,"croptopia:tea_seed":2,"alexsmobs:animal_dictionary":1,"minecraft:rotten_flesh":2,"tacz:modern_kinetic_gun":2,"croptopia:raspberry_seed":1,"croptopia:tea":1},"minecraft:custom":{"minecraft:interact_with_smithing_table":2,"minecraft:mob_kills":8,"minecraft:traded_with_villager":1,"minecraft:open_barrel":3,"minecraft:leave_game":5,"minecraft:time_since_death":25126,"minecraft:time_since_rest":22727,"minecraft:sprint_one_cm":198154,"minecraft:walk_one_cm":87905,"minecraft:damage_taken":4236,"minecraft:drop":31,"minecraft:damage_dealt":455,"minecraft:swim_one_cm":916,"minecraft:talked_to_villager":1,"minecraft:fly_one_cm":276523,"minecraft:player_kills":12,"minecraft:open_chest":1,"minecraft:crouch_one_cm":12922,"minecraft:deaths":15,"minecraft:play_time":77947,"tombstone:undead_killed":2,"minecraft:sneak_time":5239,"minecraft:walk_under_water_one_cm":944,"tombstone:tomb_raiding":2,"minecraft:jump":1274,"minecraft:walk_on_water_one_cm":884,"minecraft:total_world_time":77947,"minecraft:fall_one_cm":43472}},"DataVersion":3465}