{"stats":{"minecraft:killed":{"grimoireofgaia:bee":1,"grimoireofgaia:cyan_flower":1,"minecraft:chicken":1,"alexsmobs:seagull":1,"grimoireofgaia:dryad":2},"minecraft:used":{"croptopia:nectarine":1,"easy_villagers:villager":2,"croptopia:tomato":1,"easy_villagers:trader":2,"minecraft:oak_leaves":5,"minecraft:smithing_table":1,"alexsmobs:cooked_kangaroo_meat":10,"alexsmobs:animal_dictionary":4,"croptopia:raspberry":1,"easy_villagers:converter":1,"croptopia:tea":2,"cataclysm:void_lantern_block":5,"alexsmobs:spawn_egg_cosmic_cod":1},"minecraft:dropped":{"croptopia:tomato_seed":4,"minecraft:poppy":1,"minecraft:iron_nugget":2,"minecraft:cooked_beef":64,"alexsmobs:animal_dictionary":1,"grimoireofgaia:taproot":1,"tombstone:gift":3,"alexsmobs:spawn_egg_cosmic_cod":3,"easy_villagers:villager":1,"croptopia:tea_leaves":2,"tacz:modern_kinetic_gun":3,"tacz:ammo":136,"croptopia:tea_seed":1,"minecraft:golden_apple":1,"minecraft:lectern":2},"minecraft:crafted":{"minecraft:bookshelf":1},"minecraft:mined":{"croptopia:nectarine_crop":1,"croptopia:tea_crop":1,"minecraft:birch_leaves":1,"croptopia:tomato_crop":1,"croptopia:raspberry_crop":1,"croptopia:blackbean_crop":1,"minecraft:oak_leaves":6},"minecraft:killed_by":{"grimoireofgaia:mandragora":1,"minecraft:player":13},"minecraft:picked_up":{"grimoireofgaia:taproot":2,"croptopia:nectarine":1,"croptopia:blackbean":1,"croptopia:blackbean_seed":1,"croptopia:tea_leaves":3,"croptopia:tea_seed":2,"alexsmobs:animal_dictionary":1,"tombstone:gift":3,"tacz:ammo":32,"tacz:modern_kinetic_gun":2,"croptopia:raspberry_seed":1,"minecraft:bucket":1,"croptopia:tomato_seed":6,"croptopia:raspberry":1,"croptopia:tomato":1,"minecraft:iron_nugget":3,"minecraft:poppy":1,"croptopia:tea":1,"minecraft:lectern":1},"minecraft:custom":{"minecraft:time_since_rest":15188,"minecraft:interact_with_smithing_table":2,"minecraft:sprint_one_cm":187074,"minecraft:damage_taken":4236,"minecraft:walk_one_cm":78931,"minecraft:mob_kills":6,"minecraft:drop":30,"minecraft:damage_dealt":455,"minecraft:traded_with_villager":1,"minecraft:talked_to_villager":1,"minecraft:swim_one_cm":916,"minecraft:fly_one_cm":261366,"minecraft:player_kills":12,"minecraft:open_chest":1,"minecraft:crouch_one_cm":12303,"minecraft:play_time":70408,"minecraft:deaths":15,"minecraft:sneak_time":4708,"minecraft:walk_under_water_one_cm":944,"tombstone:tomb_raiding":2,"minecraft:jump":1264,"minecraft:leave_game":4,"minecraft:time_since_death":17587,"minecraft:walk_on_water_one_cm":884,"minecraft:total_world_time":70408,"minecraft:fall_one_cm":43472}},"DataVersion":3465}