{"stats":{"minecraft:killed":{"grimoireofgaia:bee":1,"grimoireofgaia:cyan_flower":1,"minecraft:chicken":1,"alexsmobs:seagull":1},"minecraft:used":{"croptopia:nectarine":1,"croptopia:tomato":1,"minecraft:smithing_table":1,"alexsmobs:cooked_kangaroo_meat":3,"alexsmobs:animal_dictionary":4,"croptopia:raspberry":1,"croptopia:tea":2},"minecraft:dropped":{"croptopia:tomato_seed":4,"minecraft:poppy":1,"minecraft:cooked_beef":64,"alexsmobs:animal_dictionary":1,"tombstone:gift":3,"croptopia:tea_leaves":2,"croptopia:tea_seed":1},"minecraft:mined":{"croptopia:nectarine_crop":1,"croptopia:tea_crop":1,"croptopia:tomato_crop":1,"croptopia:raspberry_crop":1,"croptopia:blackbean_crop":1,"minecraft:oak_leaves":3},"minecraft:killed_by":{"grimoireofgaia:mandragora":1,"minecraft:player":8},"minecraft:picked_up":{"croptopia:nectarine":1,"croptopia:blackbean":1,"croptopia:blackbean_seed":1,"croptopia:tea_leaves":3,"croptopia:tea_seed":2,"tombstone:gift":3,"croptopia:raspberry_seed":1,"minecraft:bucket":1,"croptopia:tomato_seed":6,"croptopia:raspberry":1,"croptopia:tomato":1,"minecraft:poppy":1,"croptopia:tea":1},"minecraft:custom":{"minecraft:time_since_rest":170,"minecraft:interact_with_smithing_table":2,"minecraft:sprint_one_cm":119633,"minecraft:damage_taken":2357,"minecraft:walk_one_cm":36610,"minecraft:mob_kills":4,"minecraft:drop":13,"minecraft:damage_dealt":425,"minecraft:swim_one_cm":916,"minecraft:fly_one_cm":115387,"minecraft:player_kills":5,"minecraft:crouch_one_cm":3434,"minecraft:play_time":31301,"minecraft:deaths":10,"minecraft:sneak_time":2096,"minecraft:walk_under_water_one_cm":944,"tombstone:tomb_raiding":1,"minecraft:jump":780,"minecraft:time_since_death":365,"minecraft:leave_game":1,"minecraft:walk_on_water_one_cm":884,"minecraft:total_world_time":31301,"minecraft:fall_one_cm":25616}},"DataVersion":3465}