{"stats":{"minecraft:mined":{"croptopia:lime_crop":1},"minecraft:picked_up":{"croptopia:radish":1,"croptopia:blackberry_seed":4,"croptopia:blackberry":1,"croptopia:tomato_seed":1,"croptopia:radish_seed":2,"croptopia:tomato":1,"croptopia:elderberry":1,"croptopia:elderberry_seed":1,"croptopia:lime":1,"alexsmobs:animal_dictionary":1},"minecraft:custom":{"minecraft:time_since_rest":4145,"minecraft:play_time":4145,"minecraft:sprint_one_cm":15393,"minecraft:damage_taken":30,"minecraft:walk_one_cm":4217,"minecraft:sneak_time":40,"minecraft:drop":2,"minecraft:jump":38,"minecraft:time_since_death":4145,"minecraft:total_world_time":4145,"minecraft:fall_one_cm":627,"minecraft:fly_one_cm":6465},"minecraft:used":{"croptopia:tomato":1,"alexsmobs:animal_dictionary":4},"minecraft:dropped":{"croptopia:tomato_seed":1,"alexsmobs:animal_dictionary":1}},"DataVersion":3465}