{"stats":{"minecraft:killed":{"grimoireofgaia:satyress":8,"cataclysm:netherite_monstrosity":1,"grimoireofgaia:centaur":2,"minecraft:sheep":2,"grimoireofgaia:bee":1,"alexscaves:radgill":1,"minecraft:zombie":2,"alexsmobs:cachalot_whale":1,"alexsmobs:fly":1,"alexscaves:forsaken":1,"grimoireofgaia:dryad":3,"minecraft:cow":1},"minecraft:picked_up":{"alexsmobs:cosmic_cod":1,"cataclysm:monstrous_horn":1,"artifacts:eternal_steak":2,"cataclysm:ignitium_boots":1,"cataclysm:gauntlet_of_guard":1,"minecraft:dirt":25,"tombstone:gift":1,"tacz:ammo_box":1,"tacz:ammo":1909,"cataclysm:infernal_forge":1,"minecraft:wheat_seeds":11,"easy_villagers:trader":2,"easy_villagers:auto_trader":1,"minecraft:iron_ingot":587,"minecraft:poppy":338,"minecraft:iron_nugget":2,"minecraft:oak_planks":193,"cataclysm:ignitium_elytra_chestplate":1,"easy_villagers:incubator":1,"mobcapturingtool:mob_capturing_tool":2,"minecraft:target":1,"minecraft:ink_sac":2,"cataclysm:ignitium_helmet":1,"minecraft:rotten_flesh":1,"tacz:modern_kinetic_gun":5,"minecraft:bone_meal":1,"cataclysm:the_incinerator":1,"tombstone:magic_scroll":1,"minecraft:mutton":3,"minecraft:cobblestone":6,"cataclysm:ignitium_leggings":1},"minecraft:used":{"minecraft:water_bucket":7,"alexscaves:spawn_egg_watcher":1,"minecraft:dropper":2,"easy_villagers:breeder":5,"minecraft:flint_and_steel":3,"alexscaves:spawn_egg_tremorzilla":11,"minecraft:redstone":10,"minecraft:oak_planks":445,"minecraft:oak_sign":5,"easy_villagers:farmer":1,"minecraft:chest":10,"artifacts:eternal_steak":5,"minecraft:rotten_flesh":1,"alexscaves:gossamer_worm_bucket":1,"alexscaves:spawn_egg_magnetron":1,"alexscaves:tremorzilla_egg":1,"alexscaves:darkened_apple":1,"minecraft:dirt":8,"grimoireofgaia:spawn_slime_girl":1,"minecraft:sand":2,"minecraft:target":5,"minecraft:comparator":3,"minecraft:hopper":57,"iceandfire:dragonbone_sword_lightning":12,"alexscaves:spawn_egg_corrodent":1,"alexscaves:spawn_egg_underzealot":1,"alexsmobs:cosmic_cod_bucket":1,"alexscaves:cloak_of_darkness":1,"easy_villagers:converter":1,"alexscaves:waste_drum":1,"alexscaves:spawn_egg_teletor":1,"minecraft:glass":18,"alexscaves:hood_of_darkness":1,"minecraft:redstone_torch":1,"cataclysm:infernal_forge":1,"grimoireofgaia:spawn_creeper_girl":1,"easy_villagers:villager":1,"minecraft:honey_block":20,"grimoireofgaia:spawn_trader":1,"alexscaves:radgill_bucket":1,"minecraft:villager_spawn_egg":1,"mobcapturingtool:mob_capturing_tool":1,"alexscaves:spawn_egg_forsaken":1,"easy_villagers:trader":1,"easy_villagers:iron_farm":41,"alexscaves:tesla_bulb":2,"cataclysm:netherite_monstrosity_spawn_egg":1,"easy_villagers:auto_trader":1,"minecraft:repeater":4,"minecraft:glowstone":46,"grimoireofgaia:spawn_ender_girl":1,"alexscaves:spawn_egg_vesper":1,"alexscaves:spawn_egg_gloomoth":1,"minecraft:bucket":4,"tombstone:gift":1,"easy_villagers:incubator":3},"minecraft:custom":{"minecraft:inspect_dropper":9,"minecraft:mob_kills":25,"minecraft:inspect_hopper":15,"minecraft:leave_game":1,"minecraft:time_since_death":14211,"minecraft:time_since_rest":13403,"minecraft:walk_one_cm":221632,"minecraft:sprint_one_cm":132803,"minecraft:damage_taken":4056,"tombstone:sneak_grave":1,"minecraft:drop":91,"minecraft:damage_dealt":2215,"minecraft:player_kills":4,"minecraft:swim_one_cm":2908,"minecraft:talked_to_villager":2,"minecraft:fly_one_cm":633112,"minecraft:open_chest":28,"minecraft:crouch_one_cm":30557,"minecraft:play_time":121313,"tombstone:undead_killed":2,"minecraft:deaths":9,"minecraft:sneak_time":10502,"minecraft:walk_under_water_one_cm":5748,"tombstone:tomb_raiding":1,"minecraft:aviate_one_cm":255,"minecraft:jump":1312,"minecraft:walk_on_water_one_cm":5893,"minecraft:total_world_time":121313,"minecraft:fall_one_cm":19425},"minecraft:dropped":{"minecraft:iron_ingot":1244,"minecraft:wheat_seeds":6,"minecraft:iron_nugget":1,"alexsmobs:animal_dictionary":1,"tombstone:gift":1,"minecraft:oak_planks":257,"artifacts:whoopee_cushion":10,"minecraft:poppy":568,"grimoireofgaia:experience_diamond":1,"tombstone:grave_key":1,"minecraft:glowstone":1,"minecraft:chest":1,"tombstone:grave_dust":1,"tacz:modern_kinetic_gun":1,"artifacts:crystal_heart":1,"easy_villagers:villager":1,"tacz:ammo":1183,"mobcapturingtool:mob_capturing_tool":2,"minecraft:sand":1},"minecraft:mined":{"minecraft:grass_block":1,"minecraft:tall_grass":6,"easy_villagers:incubator":1,"alexscaves:tremorzilla_egg":1,"minecraft:grass":26,"easy_villagers:trader":1,"minecraft:dirt":1},"minecraft:killed_by":{"minecraft:player":3,"alexscaves:forsaken":1,"minecraft:zombie":1,"cataclysm:netherite_monstrosity":2,"alexscaves:tremorzilla":1}},"DataVersion":3465}