{"stats":{"minecraft:used":{"croptopia:grape":1,"croptopia:nectarine":7,"croptopia:tomato":1,"croptopia:starfruit":4,"croptopia:apricot":2,"croptopia:spinach":1,"croptopia:cauliflower":1,"croptopia:cherry":4,"alexsmobs:animal_dictionary":1},"minecraft:dropped":{"croptopia:grape_seed":2,"croptopia:tea_leaves":1},"minecraft:mined":{"croptopia:spinach_crop":1,"croptopia:cauliflower_crop":1,"croptopia:grape_crop":2,"croptopia:tea_crop":1,"croptopia:strawberry_crop":1,"croptopia:tomato_crop":1},"minecraft:killed_by":{"minecraft:skeleton":1},"minecraft:picked_up":{"croptopia:cauliflower_seed":2,"croptopia:apricot":2,"croptopia:grape_seed":4,"croptopia:nectarine":7,"croptopia:starfruit":4,"croptopia:tea_leaves":2,"croptopia:spinach":1,"croptopia:tea_seed":2,"croptopia:strawberry":1,"croptopia:spinach_seed":1,"croptopia:grape":2,"croptopia:cherry":4,"croptopia:strawberry_seed":2,"croptopia:tomato_seed":2,"croptopia:tomato":1,"croptopia:cauliflower":1},"minecraft:custom":{"minecraft:time_since_rest":11719,"minecraft:sprint_one_cm":21134,"minecraft:damage_taken":488,"minecraft:walk_one_cm":17321,"minecraft:drop":3,"minecraft:damage_dealt":97,"minecraft:fly_one_cm":24070,"minecraft:crouch_one_cm":1726,"minecraft:play_time":15853,"minecraft:deaths":1,"minecraft:sneak_time":500,"minecraft:jump":198,"minecraft:leave_game":3,"minecraft:time_since_death":12392,"minecraft:total_world_time":15853,"minecraft:fall_one_cm":8030}},"DataVersion":3465}