{"stats":{"minecraft:mined":{"minecraft:grass":1,"croptopia:radish_crop":1},"minecraft:picked_up":{"croptopia:blackberry_seed":2,"croptopia:blackberry":1,"croptopia:radish_seed":1,"croptopia:tomato_seed":1,"croptopia:lime":1},"minecraft:custom":{"minecraft:time_since_rest":4745,"minecraft:crouch_one_cm":707,"minecraft:play_time":4745,"minecraft:sprint_one_cm":9283,"minecraft:damage_taken":40,"minecraft:walk_one_cm":5951,"minecraft:sneak_time":550,"minecraft:drop":4,"minecraft:jump":67,"minecraft:damage_dealt":20,"minecraft:time_since_death":4745,"minecraft:total_world_time":4745,"minecraft:fall_one_cm":1881,"minecraft:fly_one_cm":8193},"minecraft:used":{"croptopia:lime":1},"minecraft:dropped":{"croptopia:tomato_seed":1,"croptopia:blackberry":1,"croptopia:radish_seed":1,"croptopia:blackberry_seed":2}},"DataVersion":3465}