{"stats":{"minecraft:used":{"croptopia:nectarine":11,"croptopia:tomato":1,"croptopia:starfruit":4,"croptopia:apricot":3,"croptopia:spinach":1,"croptopia:blackbean":1,"croptopia:cauliflower":1,"minecraft:dirt":1,"croptopia:blackberry":1,"alexsmobs:cooked_kangaroo_meat":2,"croptopia:cherry":6,"tombstone:gift":6,"alexsmobs:animal_dictionary":4,"croptopia:strawberry":1,"minecraft:cooked_beef":1,"croptopia:grape":3},"minecraft:dropped":{"croptopia:grape_seed":2,"alexsmobs:animal_dictionary":2,"croptopia:blackbean":1,"croptopia:tea_leaves":1,"croptopia:blackbean_seed":2,"tacz:modern_kinetic_gun":2,"croptopia:tea":1,"croptopia:cherry":1,"minecraft:bucket":1},"minecraft:crafted":{"croptopia:tea":1},"minecraft:mined":{"croptopia:spinach_crop":1,"croptopia:cauliflower_crop":1,"croptopia:grape_crop":4,"croptopia:strawberry_crop":1,"croptopia:tea_crop":1,"croptopia:tomato_crop":2,"minecraft:grass":4,"minecraft:grass_block":1,"croptopia:blackberry_crop":1,"croptopia:elderberry_crop":1,"croptopia:blackbean_crop":2,"minecraft:oak_leaves":3},"minecraft:picked_up":{"croptopia:cauliflower_seed":2,"minecraft:cooked_beef":64,"croptopia:apricot":3,"croptopia:grape_seed":7,"croptopia:nectarine":11,"croptopia:blackbean":2,"croptopia:starfruit":4,"croptopia:blackberry_seed":1,"croptopia:blackbean_seed":4,"croptopia:blackberry":1,"croptopia:spinach":1,"croptopia:tea_leaves":2,"croptopia:calamari":1,"croptopia:tea_seed":2,"alexsmobs:animal_dictionary":3,"croptopia:strawberry":1,"minecraft:dirt":1,"croptopia:spinach_seed":1,"croptopia:grape":4,"croptopia:cherry":7,"tacz:ammo":104,"croptopia:strawberry_seed":2,"tacz:modern_kinetic_gun":3,"croptopia:tomato_seed":2,"croptopia:tomato":1,"croptopia:elderberry":1,"croptopia:elderberry_seed":1,"croptopia:cauliflower":1},"minecraft:killed_by":{"grimoireofgaia:dryad":1,"grimoireofgaia:mandragora":1,"minecraft:player":12,"minecraft:skeleton":1},"minecraft:custom":{"minecraft:time_since_rest":6258,"minecraft:interact_with_smithing_table":1,"minecraft:sprint_one_cm":115029,"minecraft:damage_taken":4334,"minecraft:walk_one_cm":90096,"tombstone:sneak_grave":6,"minecraft:drop":12,"minecraft:damage_dealt":591,"minecraft:swim_one_cm":5828,"minecraft:fly_one_cm":133555,"minecraft:player_kills":13,"minecraft:play_time":51921,"minecraft:crouch_one_cm":16187,"minecraft:deaths":16,"minecraft:sneak_time":3513,"minecraft:walk_under_water_one_cm":1249,"tombstone:tomb_raiding":1,"minecraft:jump":1031,"minecraft:leave_game":9,"minecraft:time_since_death":6304,"minecraft:walk_on_water_one_cm":2767,"minecraft:total_world_time":51921,"minecraft:fall_one_cm":34223}},"DataVersion":3465}