{"stats":{"minecraft:killed_by":{"minecraft:zombie":1},"minecraft:mined":{"minecraft:grass_block":1,"minecraft:grass":21,"easy_villagers:incubator":1,"easy_villagers:trader":1,"minecraft:dirt":1,"minecraft:tall_grass":3},"minecraft:dropped":{"tombstone:grave_dust":1,"minecraft:wheat_seeds":6,"alexsmobs:animal_dictionary":1,"tombstone:grave_key":1,"tombstone:gift":1},"minecraft:picked_up":{"tombstone:gift":1,"easy_villagers:incubator":1,"minecraft:rotten_flesh":1,"minecraft:wheat_seeds":6,"easy_villagers:trader":1,"minecraft:iron_ingot":1,"tombstone:magic_scroll":1,"minecraft:dirt":2},"minecraft:killed":{"minecraft:zombie":1},"minecraft:used":{"minecraft:dirt":2,"tombstone:gift":1,"easy_villagers:incubator":1,"easy_villagers:trader":1},"minecraft:custom":{"minecraft:time_since_rest":5024,"tombstone:undead_killed":1,"minecraft:crouch_one_cm":1727,"minecraft:play_time":6759,"minecraft:sprint_one_cm":15005,"minecraft:walk_one_cm":7204,"minecraft:damage_taken":290,"minecraft:deaths":1,"minecraft:sneak_time":757,"minecraft:mob_kills":1,"minecraft:drop":8,"minecraft:jump":197,"minecraft:damage_dealt":19,"minecraft:leave_game":1,"minecraft:time_since_death":5724,"minecraft:total_world_time":6759,"minecraft:fall_one_cm":6908,"minecraft:fly_one_cm":44556}},"DataVersion":3465}