{"stats":{"minecraft:killed_by":{"minecraft:zombie":1},"minecraft:mined":{"easy_villagers:incubator":1,"minecraft:grass":21,"minecraft:grass_block":1,"easy_villagers:trader":1,"minecraft:dirt":1,"minecraft:tall_grass":3},"minecraft:dropped":{"minecraft:wheat_seeds":6,"alexsmobs:animal_dictionary":1,"tombstone:grave_key":1,"tombstone:gift":1,"tombstone:grave_dust":1,"easy_villagers:villager":1},"minecraft:picked_up":{"easy_villagers:incubator":1,"minecraft:dirt":2,"tombstone:gift":1,"minecraft:rotten_flesh":1,"minecraft:wheat_seeds":6,"easy_villagers:trader":1,"minecraft:iron_ingot":1,"tombstone:magic_scroll":1},"minecraft:killed":{"minecraft:zombie":1},"minecraft:used":{"easy_villagers:villager":1,"minecraft:villager_spawn_egg":1,"easy_villagers:breeder":5,"easy_villagers:farmer":1,"minecraft:chest":2,"easy_villagers:trader":1,"easy_villagers:iron_farm":4,"minecraft:rotten_flesh":1,"easy_villagers:auto_trader":1,"minecraft:dirt":2,"minecraft:hopper":7,"tombstone:gift":1,"easy_villagers:incubator":3,"easy_villagers:converter":1},"minecraft:custom":{"minecraft:time_since_rest":18059,"minecraft:sprint_one_cm":19325,"minecraft:damage_taken":310,"minecraft:walk_one_cm":14739,"minecraft:mob_kills":1,"minecraft:drop":9,"minecraft:inspect_hopper":4,"minecraft:damage_dealt":29,"minecraft:talked_to_villager":2,"minecraft:fly_one_cm":56605,"minecraft:open_chest":9,"minecraft:crouch_one_cm":2748,"minecraft:play_time":19794,"tombstone:undead_killed":1,"minecraft:deaths":1,"minecraft:sneak_time":1164,"minecraft:jump":251,"minecraft:leave_game":1,"minecraft:time_since_death":18759,"minecraft:total_world_time":19794,"minecraft:fall_one_cm":7312}},"DataVersion":3465}