{"stats":{"minecraft:used":{"croptopia:nectarine":10,"croptopia:tomato":1,"croptopia:starfruit":4,"croptopia:apricot":3,"croptopia:spinach":1,"croptopia:blackbean":1,"croptopia:cauliflower":1,"minecraft:dirt":1,"croptopia:blackberry":1,"alexsmobs:cooked_kangaroo_meat":2,"croptopia:cherry":4,"tombstone:gift":6,"alexsmobs:animal_dictionary":3,"croptopia:strawberry":1,"minecraft:cooked_beef":1,"croptopia:grape":3},"minecraft:dropped":{"croptopia:grape_seed":2,"croptopia:tea_leaves":1,"tacz:modern_kinetic_gun":2,"croptopia:tea":1,"minecraft:bucket":1},"minecraft:crafted":{"croptopia:tea":1},"minecraft:mined":{"croptopia:spinach_crop":1,"croptopia:cauliflower_crop":1,"croptopia:tea_crop":1,"croptopia:grape_crop":4,"croptopia:strawberry_crop":1,"croptopia:tomato_crop":2,"minecraft:grass_block":1,"croptopia:blackberry_crop":1,"croptopia:elderberry_crop":1,"croptopia:blackbean_crop":1,"minecraft:oak_leaves":3},"minecraft:picked_up":{"croptopia:cauliflower_seed":2,"minecraft:cooked_beef":64,"croptopia:apricot":3,"croptopia:grape_seed":7,"croptopia:blackbean":1,"croptopia:nectarine":10,"croptopia:starfruit":4,"croptopia:blackberry_seed":1,"croptopia:blackbean_seed":2,"croptopia:blackberry":1,"croptopia:tea_leaves":2,"croptopia:spinach":1,"croptopia:calamari":1,"croptopia:tea_seed":2,"alexsmobs:animal_dictionary":1,"croptopia:strawberry":1,"minecraft:dirt":1,"croptopia:spinach_seed":1,"croptopia:grape":4,"croptopia:cherry":4,"tacz:ammo":104,"croptopia:strawberry_seed":2,"tacz:modern_kinetic_gun":3,"croptopia:tomato_seed":2,"croptopia:tomato":1,"croptopia:elderberry":1,"croptopia:elderberry_seed":1,"croptopia:cauliflower":1},"minecraft:killed_by":{"grimoireofgaia:dryad":1,"grimoireofgaia:mandragora":1,"minecraft:player":12,"minecraft:skeleton":1},"minecraft:custom":{"minecraft:time_since_rest":760,"minecraft:interact_with_smithing_table":1,"minecraft:sprint_one_cm":106575,"minecraft:damage_taken":4155,"minecraft:walk_one_cm":82528,"tombstone:sneak_grave":6,"minecraft:drop":7,"minecraft:damage_dealt":591,"minecraft:swim_one_cm":5828,"minecraft:fly_one_cm":117887,"minecraft:player_kills":12,"minecraft:play_time":46423,"minecraft:crouch_one_cm":15805,"minecraft:deaths":16,"minecraft:sneak_time":3440,"minecraft:walk_under_water_one_cm":1249,"minecraft:jump":920,"minecraft:leave_game":6,"minecraft:time_since_death":806,"minecraft:walk_on_water_one_cm":2767,"minecraft:total_world_time":46423,"minecraft:fall_one_cm":30250}},"DataVersion":3465}