{"stats":{"minecraft:killed_by":{"alexscaves:tremorzilla":1,"minecraft:zombie":1,"cataclysm:netherite_monstrosity":2},"minecraft:mined":{"easy_villagers:incubator":1,"alexscaves:tremorzilla_egg":1,"minecraft:grass":21,"minecraft:grass_block":1,"easy_villagers:trader":1,"minecraft:dirt":1,"minecraft:tall_grass":3},"minecraft:dropped":{"minecraft:wheat_seeds":6,"alexsmobs:animal_dictionary":1,"tombstone:grave_key":1,"tombstone:gift":1,"tombstone:grave_dust":1,"artifacts:whoopee_cushion":10,"easy_villagers:villager":1,"mobcapturingtool:mob_capturing_tool":2},"minecraft:picked_up":{"cataclysm:monstrous_horn":1,"easy_villagers:incubator":1,"mobcapturingtool:mob_capturing_tool":2,"minecraft:ink_sac":2,"minecraft:dirt":22,"tombstone:gift":1,"cataclysm:infernal_forge":1,"minecraft:rotten_flesh":1,"minecraft:wheat_seeds":10,"easy_villagers:trader":1,"minecraft:iron_ingot":1,"tombstone:magic_scroll":1,"minecraft:mutton":3},"minecraft:killed":{"minecraft:sheep":2,"minecraft:zombie":1,"cataclysm:netherite_monstrosity":1,"minecraft:cow":1},"minecraft:used":{"minecraft:redstone_torch":1,"alexscaves:hood_of_darkness":1,"cataclysm:infernal_forge":1,"easy_villagers:villager":1,"alexscaves:spawn_egg_watcher":1,"minecraft:villager_spawn_egg":1,"minecraft:flint_and_steel":3,"easy_villagers:breeder":5,"alexscaves:spawn_egg_tremorzilla":11,"mobcapturingtool:mob_capturing_tool":1,"alexscaves:spawn_egg_forsaken":1,"easy_villagers:farmer":1,"minecraft:chest":2,"easy_villagers:trader":1,"artifacts:eternal_steak":1,"easy_villagers:iron_farm":4,"alexscaves:darkened_apple":1,"alexscaves:tesla_bulb":2,"cataclysm:netherite_monstrosity_spawn_egg":1,"alexscaves:tremorzilla_egg":1,"minecraft:rotten_flesh":1,"alexscaves:spawn_egg_magnetron":1,"easy_villagers:auto_trader":1,"minecraft:dirt":8,"alexscaves:spawn_egg_vesper":1,"minecraft:hopper":7,"alexscaves:spawn_egg_corrodent":1,"alexscaves:spawn_egg_underzealot":1,"alexscaves:spawn_egg_gloomoth":1,"iceandfire:dragonbone_sword_lightning":12,"tombstone:gift":1,"easy_villagers:incubator":3,"alexscaves:cloak_of_darkness":1,"alexscaves:waste_drum":1,"easy_villagers:converter":1,"alexscaves:spawn_egg_teletor":1},"minecraft:custom":{"minecraft:time_since_rest":3864,"minecraft:sprint_one_cm":45625,"minecraft:damage_taken":1348,"minecraft:walk_one_cm":60970,"minecraft:mob_kills":5,"minecraft:drop":21,"minecraft:inspect_hopper":4,"minecraft:damage_dealt":2059,"minecraft:swim_one_cm":2908,"minecraft:talked_to_villager":2,"minecraft:fly_one_cm":334419,"minecraft:open_chest":11,"minecraft:crouch_one_cm":3191,"minecraft:play_time":43794,"tombstone:undead_killed":1,"minecraft:deaths":5,"minecraft:sneak_time":1483,"minecraft:walk_under_water_one_cm":3047,"minecraft:aviate_one_cm":255,"minecraft:jump":479,"minecraft:leave_game":1,"minecraft:walk_on_water_one_cm":675,"minecraft:time_since_death":4108,"minecraft:total_world_time":43794,"minecraft:fall_one_cm":9334}},"DataVersion":3465}