{"stats":{"minecraft:used":{"croptopia:grape":3,"croptopia:nectarine":10,"croptopia:tomato":1,"croptopia:starfruit":4,"croptopia:apricot":3,"croptopia:spinach":1,"croptopia:blackbean":1,"croptopia:cauliflower":1,"minecraft:dirt":1,"croptopia:blackberry":1,"croptopia:cherry":4,"alexsmobs:animal_dictionary":1,"croptopia:strawberry":1},"minecraft:dropped":{"croptopia:grape_seed":2,"croptopia:tea_leaves":1,"croptopia:tea":1,"minecraft:bucket":1},"minecraft:crafted":{"croptopia:tea":1},"minecraft:mined":{"croptopia:spinach_crop":1,"croptopia:cauliflower_crop":1,"croptopia:tea_crop":1,"croptopia:grape_crop":4,"croptopia:strawberry_crop":1,"croptopia:tomato_crop":2,"minecraft:grass_block":1,"croptopia:blackberry_crop":1,"croptopia:blackbean_crop":1,"minecraft:oak_leaves":3},"minecraft:picked_up":{"croptopia:cauliflower_seed":2,"croptopia:apricot":3,"croptopia:grape_seed":7,"croptopia:starfruit":4,"croptopia:nectarine":10,"croptopia:blackbean":1,"croptopia:blackbean_seed":2,"croptopia:blackberry_seed":1,"croptopia:blackberry":1,"croptopia:tea_leaves":2,"croptopia:spinach":1,"croptopia:calamari":1,"croptopia:tea_seed":2,"croptopia:spinach_seed":1,"croptopia:strawberry":1,"minecraft:dirt":1,"croptopia:grape":4,"croptopia:cherry":4,"croptopia:strawberry_seed":2,"croptopia:tomato_seed":2,"croptopia:tomato":1,"croptopia:cauliflower":1},"minecraft:killed_by":{"grimoireofgaia:dryad":1,"minecraft:skeleton":1},"minecraft:custom":{"minecraft:time_since_rest":3410,"minecraft:sprint_one_cm":43838,"minecraft:damage_taken":838,"minecraft:walk_one_cm":32034,"minecraft:drop":5,"minecraft:damage_dealt":146,"minecraft:swim_one_cm":5828,"minecraft:fly_one_cm":51442,"minecraft:crouch_one_cm":2628,"minecraft:play_time":24839,"minecraft:deaths":2,"minecraft:sneak_time":898,"minecraft:walk_under_water_one_cm":1249,"minecraft:jump":382,"minecraft:leave_game":4,"minecraft:time_since_death":3808,"minecraft:walk_on_water_one_cm":2767,"minecraft:total_world_time":24839,"minecraft:fall_one_cm":13186}},"DataVersion":3465}