{"stats":{"minecraft:killed":{"alexsmobs:seagull":1},"minecraft:used":{"croptopia:grape":3,"croptopia:tomato":1,"croptopia:starfruit":4,"croptopia:apricot":3,"croptopia:blackbean":1,"minecraft:dirt":4,"croptopia:cherry":6,"alexsmobs:cooked_kangaroo_meat":2,"croptopia:nectarine":11,"croptopia:spinach":1,"croptopia:cauliflower":1,"croptopia:blackberry":1,"tombstone:gift":6,"alexsmobs:animal_dictionary":4,"croptopia:strawberry":1,"minecraft:cooked_beef":1},"minecraft:dropped":{"alexsmobs:animal_dictionary":3,"croptopia:blackbean":1,"croptopia:tea":1,"croptopia:cherry":1,"croptopia:grape_seed":2,"tacz:modern_kinetic_gun":2,"croptopia:tea_leaves":1,"croptopia:blackbean_seed":2,"tacz:ammo":30,"minecraft:bucket":1},"minecraft:crafted":{"croptopia:tea":1},"minecraft:mined":{"croptopia:grape_crop":4,"croptopia:strawberry_crop":1,"minecraft:grass_block":4,"croptopia:blackbean_crop":2,"croptopia:spinach_crop":1,"croptopia:cauliflower_crop":1,"croptopia:tea_crop":1,"croptopia:tomato_crop":2,"minecraft:grass":5,"croptopia:blackberry_crop":1,"minecraft:dirt":1,"croptopia:elderberry_crop":1,"minecraft:oak_leaves":3},"minecraft:picked_up":{"minecraft:cooked_beef":64,"croptopia:grape_seed":7,"croptopia:nectarine":11,"croptopia:tea_leaves":2,"croptopia:spinach":1,"croptopia:calamari":1,"minecraft:dirt":4,"tacz:ammo":104,"croptopia:tomato_seed":2,"croptopia:tomato":1,"croptopia:elderberry_seed":1,"croptopia:cauliflower_seed":2,"croptopia:apricot":3,"croptopia:starfruit":4,"croptopia:blackbean":2,"croptopia:blackbean_seed":4,"croptopia:blackberry_seed":1,"croptopia:blackberry":1,"croptopia:tea_seed":2,"croptopia:spinach_seed":1,"croptopia:strawberry":1,"alexsmobs:animal_dictionary":3,"croptopia:grape":4,"croptopia:cherry":7,"croptopia:strawberry_seed":2,"tacz:modern_kinetic_gun":3,"croptopia:elderberry":1,"croptopia:cauliflower":1},"minecraft:killed_by":{"grimoireofgaia:dryad":1,"minecraft:player":12,"minecraft:skeleton":1,"grimoireofgaia:mandragora":1},"minecraft:custom":{"minecraft:interact_with_smithing_table":1,"minecraft:mob_kills":1,"minecraft:leave_game":11,"minecraft:time_since_death":5968,"minecraft:time_since_rest":5755,"minecraft:sprint_one_cm":128598,"minecraft:damage_taken":4434,"minecraft:walk_one_cm":104854,"tombstone:sneak_grave":6,"minecraft:drop":14,"minecraft:damage_dealt":735,"minecraft:swim_one_cm":5828,"minecraft:fly_one_cm":151728,"minecraft:player_kills":13,"minecraft:crouch_one_cm":17698,"minecraft:play_time":60690,"minecraft:deaths":17,"minecraft:sneak_time":4186,"minecraft:walk_under_water_one_cm":1249,"tombstone:tomb_raiding":1,"minecraft:jump":1163,"minecraft:walk_on_water_one_cm":2767,"minecraft:total_world_time":60690,"minecraft:fall_one_cm":41282}},"DataVersion":3465}