{"stats":{"minecraft:killed_by":{"alexscaves:forsaken":1,"minecraft:zombie":1,"cataclysm:netherite_monstrosity":2,"alexscaves:tremorzilla":1},"minecraft:mined":{"minecraft:grass_block":1,"minecraft:tall_grass":3,"easy_villagers:incubator":1,"alexscaves:tremorzilla_egg":1,"minecraft:grass":21,"easy_villagers:trader":1,"minecraft:dirt":1},"minecraft:dropped":{"minecraft:wheat_seeds":6,"alexsmobs:animal_dictionary":1,"tombstone:gift":1,"artifacts:whoopee_cushion":10,"grimoireofgaia:experience_diamond":1,"tombstone:grave_key":1,"tombstone:grave_dust":1,"easy_villagers:villager":1,"mobcapturingtool:mob_capturing_tool":2},"minecraft:picked_up":{"cataclysm:monstrous_horn":1,"minecraft:dirt":22,"tombstone:gift":1,"cataclysm:infernal_forge":1,"minecraft:wheat_seeds":10,"easy_villagers:trader":1,"minecraft:iron_ingot":1,"easy_villagers:incubator":1,"mobcapturingtool:mob_capturing_tool":2,"minecraft:target":1,"minecraft:ink_sac":2,"minecraft:rotten_flesh":1,"tombstone:magic_scroll":1,"minecraft:mutton":3},"minecraft:killed":{"cataclysm:netherite_monstrosity":1,"minecraft:sheep":2,"minecraft:zombie":1,"minecraft:cow":1},"minecraft:used":{"alexscaves:spawn_egg_watcher":1,"minecraft:dropper":2,"easy_villagers:breeder":5,"minecraft:flint_and_steel":3,"alexscaves:spawn_egg_tremorzilla":11,"minecraft:redstone":10,"minecraft:oak_planks":8,"easy_villagers:farmer":1,"minecraft:chest":2,"artifacts:eternal_steak":1,"minecraft:rotten_flesh":1,"alexscaves:spawn_egg_magnetron":1,"alexscaves:tremorzilla_egg":1,"alexscaves:darkened_apple":1,"minecraft:target":5,"minecraft:dirt":8,"grimoireofgaia:spawn_slime_girl":1,"minecraft:comparator":3,"minecraft:hopper":35,"iceandfire:dragonbone_sword_lightning":12,"alexscaves:spawn_egg_corrodent":1,"alexscaves:spawn_egg_underzealot":1,"alexscaves:cloak_of_darkness":1,"easy_villagers:converter":1,"alexscaves:waste_drum":1,"alexscaves:spawn_egg_teletor":1,"grimoireofgaia:spawn_creeper_girl":1,"minecraft:redstone_torch":1,"cataclysm:infernal_forge":1,"easy_villagers:villager":1,"alexscaves:hood_of_darkness":1,"grimoireofgaia:spawn_trader":1,"minecraft:villager_spawn_egg":1,"mobcapturingtool:mob_capturing_tool":1,"alexscaves:spawn_egg_forsaken":1,"easy_villagers:trader":1,"easy_villagers:iron_farm":23,"alexscaves:tesla_bulb":2,"cataclysm:netherite_monstrosity_spawn_egg":1,"easy_villagers:auto_trader":1,"minecraft:repeater":4,"grimoireofgaia:spawn_ender_girl":1,"alexscaves:spawn_egg_vesper":1,"alexscaves:spawn_egg_gloomoth":1,"tombstone:gift":1,"easy_villagers:incubator":3},"minecraft:custom":{"minecraft:inspect_dropper":2,"minecraft:mob_kills":5,"minecraft:inspect_hopper":9,"minecraft:leave_game":1,"minecraft:time_since_death":11353,"minecraft:time_since_rest":10961,"minecraft:walk_one_cm":70290,"minecraft:damage_taken":1665,"minecraft:sprint_one_cm":51689,"minecraft:drop":22,"minecraft:damage_dealt":2115,"minecraft:swim_one_cm":2908,"minecraft:talked_to_villager":2,"minecraft:fly_one_cm":373494,"minecraft:open_chest":13,"minecraft:crouch_one_cm":7179,"minecraft:play_time":55794,"tombstone:undead_killed":1,"minecraft:deaths":6,"minecraft:sneak_time":2714,"minecraft:walk_under_water_one_cm":3047,"minecraft:aviate_one_cm":255,"minecraft:jump":554,"minecraft:walk_on_water_one_cm":1118,"minecraft:total_world_time":55794,"minecraft:fall_one_cm":9556}},"DataVersion":3465}