{"stats":{"minecraft:used":{"croptopia:grape":3,"croptopia:nectarine":10,"croptopia:tomato":1,"croptopia:starfruit":4,"croptopia:apricot":3,"croptopia:spinach":1,"croptopia:blackbean":1,"croptopia:cauliflower":1,"minecraft:dirt":1,"croptopia:blackberry":1,"alexsmobs:cooked_kangaroo_meat":2,"croptopia:cherry":4,"tombstone:gift":6,"alexsmobs:animal_dictionary":1,"croptopia:strawberry":1,"minecraft:cooked_beef":1},"minecraft:dropped":{"croptopia:grape_seed":2,"tacz:modern_kinetic_gun":1,"croptopia:tea_leaves":1,"croptopia:tea":1,"minecraft:bucket":1},"minecraft:crafted":{"croptopia:tea":1},"minecraft:mined":{"croptopia:spinach_crop":1,"croptopia:cauliflower_crop":1,"croptopia:tea_crop":1,"croptopia:grape_crop":4,"croptopia:strawberry_crop":1,"croptopia:tomato_crop":2,"minecraft:grass_block":1,"croptopia:blackberry_crop":1,"croptopia:blackbean_crop":1,"minecraft:oak_leaves":3},"minecraft:picked_up":{"croptopia:cauliflower_seed":2,"minecraft:cooked_beef":64,"croptopia:apricot":3,"croptopia:grape_seed":7,"croptopia:starfruit":4,"croptopia:nectarine":10,"croptopia:blackbean":1,"croptopia:blackbean_seed":2,"croptopia:blackberry_seed":1,"croptopia:blackberry":1,"croptopia:tea_leaves":2,"croptopia:spinach":1,"croptopia:calamari":1,"croptopia:tea_seed":2,"alexsmobs:animal_dictionary":1,"croptopia:spinach_seed":1,"croptopia:strawberry":1,"minecraft:dirt":1,"croptopia:grape":4,"croptopia:cherry":4,"croptopia:strawberry_seed":2,"tacz:modern_kinetic_gun":1,"croptopia:tomato_seed":2,"croptopia:tomato":1,"croptopia:cauliflower":1},"minecraft:killed_by":{"grimoireofgaia:dryad":1,"grimoireofgaia:mandragora":1,"minecraft:player":5,"minecraft:skeleton":1},"minecraft:custom":{"minecraft:time_since_rest":853,"minecraft:sprint_one_cm":76998,"minecraft:damage_taken":2349,"minecraft:walk_one_cm":58543,"tombstone:sneak_grave":6,"minecraft:drop":6,"minecraft:damage_dealt":571,"minecraft:player_kills":8,"minecraft:swim_one_cm":5828,"minecraft:fly_one_cm":91531,"minecraft:crouch_one_cm":5559,"minecraft:play_time":36839,"minecraft:deaths":8,"minecraft:sneak_time":1579,"minecraft:walk_under_water_one_cm":1249,"minecraft:jump":744,"minecraft:leave_game":4,"minecraft:time_since_death":1050,"minecraft:walk_on_water_one_cm":2767,"minecraft:total_world_time":36839,"minecraft:fall_one_cm":25053,"minecraft:interact_with_smithing_table":1}},"DataVersion":3465}