{"stats":{"minecraft:killed_by":{"minecraft:zombie":1,"cataclysm:netherite_monstrosity":2},"minecraft:mined":{"easy_villagers:incubator":1,"minecraft:grass":21,"minecraft:grass_block":1,"easy_villagers:trader":1,"minecraft:dirt":1,"minecraft:tall_grass":3},"minecraft:dropped":{"minecraft:wheat_seeds":6,"alexsmobs:animal_dictionary":1,"tombstone:grave_key":1,"tombstone:gift":1,"tombstone:grave_dust":1,"easy_villagers:villager":1,"mobcapturingtool:mob_capturing_tool":2},"minecraft:picked_up":{"cataclysm:monstrous_horn":1,"easy_villagers:incubator":1,"mobcapturingtool:mob_capturing_tool":2,"minecraft:ink_sac":2,"minecraft:dirt":4,"tombstone:gift":1,"cataclysm:infernal_forge":1,"minecraft:rotten_flesh":1,"minecraft:wheat_seeds":6,"easy_villagers:trader":1,"minecraft:iron_ingot":1,"tombstone:magic_scroll":1,"minecraft:mutton":2},"minecraft:killed":{"minecraft:sheep":2,"minecraft:zombie":1,"cataclysm:netherite_monstrosity":1,"minecraft:cow":1},"minecraft:used":{"cataclysm:infernal_forge":1,"easy_villagers:villager":1,"minecraft:villager_spawn_egg":1,"easy_villagers:breeder":5,"mobcapturingtool:mob_capturing_tool":1,"easy_villagers:farmer":1,"minecraft:chest":2,"easy_villagers:trader":1,"artifacts:eternal_steak":1,"easy_villagers:iron_farm":4,"cataclysm:netherite_monstrosity_spawn_egg":1,"minecraft:rotten_flesh":1,"easy_villagers:auto_trader":1,"minecraft:dirt":2,"minecraft:hopper":7,"iceandfire:dragonbone_sword_lightning":12,"tombstone:gift":1,"easy_villagers:incubator":3,"easy_villagers:converter":1},"minecraft:custom":{"minecraft:time_since_rest":2000,"minecraft:sprint_one_cm":36205,"minecraft:damage_taken":1008,"minecraft:walk_one_cm":41085,"minecraft:mob_kills":5,"minecraft:drop":11,"minecraft:inspect_hopper":4,"minecraft:damage_dealt":1756,"minecraft:swim_one_cm":2908,"minecraft:talked_to_villager":2,"minecraft:fly_one_cm":109088,"minecraft:open_chest":9,"minecraft:crouch_one_cm":2967,"minecraft:play_time":31794,"tombstone:undead_killed":1,"minecraft:deaths":3,"minecraft:sneak_time":1270,"minecraft:walk_under_water_one_cm":3047,"minecraft:aviate_one_cm":255,"minecraft:jump":395,"minecraft:leave_game":1,"minecraft:walk_on_water_one_cm":675,"minecraft:time_since_death":2313,"minecraft:total_world_time":31794,"minecraft:fall_one_cm":8214}},"DataVersion":3465}