{"stats":{"minecraft:mined":{"minecraft:grass":1,"minecraft:oak_log":5,"croptopia:radish_crop":1},"minecraft:picked_up":{"croptopia:cantaloupe_seed":1,"croptopia:blackberry_seed":2,"croptopia:blackberry":1,"croptopia:radish_seed":1,"croptopia:tomato_seed":1,"croptopia:celery_seed":2,"minecraft:oak_log":5,"croptopia:celery":1,"croptopia:lime":1,"croptopia:cantaloupe":1},"minecraft:crafted":{"minecraft:oak_planks":20,"minecraft:crafting_table":1,"minecraft:stick":16,"minecraft:wooden_pickaxe":1,"minecraft:wooden_axe":1},"minecraft:custom":{"minecraft:time_since_rest":2259,"minecraft:crouch_one_cm":1538,"minecraft:deaths":1,"minecraft:play_time":10745,"minecraft:sprint_one_cm":31992,"minecraft:damage_taken":48,"minecraft:walk_one_cm":14675,"minecraft:sneak_time":1057,"minecraft:drop":7,"minecraft:jump":224,"minecraft:damage_dealt":44,"minecraft:time_since_death":2411,"minecraft:total_world_time":10745,"minecraft:interact_with_crafting_table":1,"minecraft:fall_one_cm":7644,"minecraft:fly_one_cm":38571},"minecraft:used":{"minecraft:crafting_table":1,"croptopia:lime":1},"minecraft:dropped":{"croptopia:tomato_seed":1,"croptopia:celery_seed":2,"croptopia:celery":1,"croptopia:blackberry":1,"croptopia:radish_seed":1,"croptopia:cantaloupe":1,"croptopia:blackberry_seed":2}},"DataVersion":3465}