{"stats":{"minecraft:killed_by":{"minecraft:zombie":1},"minecraft:dropped":{"mobcapturingtool:mob_capturing_tool":1},"minecraft:used":{"mobcapturingtool:mob_capturing_tool":1,"easy_villagers:incubator":1,"easy_villagers:trader":1},"minecraft:custom":{"minecraft:jump":8,"minecraft:time_since_rest":18851,"minecraft:crouch_one_cm":223,"minecraft:walk_one_cm":8873,"minecraft:leave_game":7,"minecraft:play_time":39296,"minecraft:damage_taken":270,"minecraft:time_since_death":20965,"minecraft:deaths":1,"minecraft:sneak_time":66,"minecraft:total_world_time":39296,"minecraft:drop":1,"minecraft:fly_one_cm":16288}},"DataVersion":3465}