{"stats":{"minecraft:killed_by":{"minecraft:zombie":1},"minecraft:used":{"easy_villagers:incubator":1,"easy_villagers:trader":1},"minecraft:custom":{"minecraft:jump":2,"minecraft:time_since_rest":3535,"minecraft:crouch_one_cm":125,"minecraft:damage_taken":270,"minecraft:leave_game":4,"minecraft:play_time":23980,"minecraft:walk_one_cm":3445,"minecraft:time_since_death":5649,"minecraft:deaths":1,"minecraft:sneak_time":37,"minecraft:total_world_time":23980,"minecraft:fly_one_cm":4079}},"DataVersion":3465}