{"stats":{"minecraft:killed":{"minecraft:villager":1},"minecraft:picked_up":{"easy_villagers:breeder":1,"easy_villagers:farmer":1,"easy_villagers:iron_farm":1,"minecraft:loom":1,"tombstone:gift":1,"easy_villagers:villager":1,"tacz:modern_kinetic_gun":1},"minecraft:used":{"easy_villagers:villager":1,"minecraft:firework_rocket":10,"minecraft:flint_and_steel":6,"mobcapturingtool:mob_capturing_tool":1,"easy_villagers:trader":1,"easy_villagers:incubator":1,"alexscaves:spawn_egg_nucleeper":1,"alexscaves:nuclear_bomb":2},"minecraft:custom":{"minecraft:time_since_rest":2768,"minecraft:damage_taken":6791,"minecraft:sprint_one_cm":14596,"minecraft:walk_one_cm":62911,"minecraft:mob_kills":1,"minecraft:drop":18,"minecraft:talked_to_villager":6,"minecraft:fly_one_cm":529639,"minecraft:player_kills":3,"minecraft:open_chest":1,"minecraft:crouch_one_cm":240,"minecraft:play_time":112193,"minecraft:deaths":7,"minecraft:sneak_time":335,"minecraft:walk_under_water_one_cm":1287,"tombstone:villager_killed":1,"minecraft:aviate_one_cm":377833,"minecraft:jump":142,"minecraft:leave_game":14,"minecraft:walk_on_water_one_cm":2197,"minecraft:time_since_death":3906,"minecraft:total_world_time":112193,"minecraft:fall_one_cm":901},"minecraft:dropped":{"easy_villagers:farmer":2,"easy_villagers:breeder":2,"minecraft:loom":2,"easy_villagers:converter":1,"tombstone:gift":2,"easy_villagers:auto_trader":1,"easy_villagers:villager":2,"mobcapturingtool:mob_capturing_tool":1,"tacz:modern_kinetic_gun":1,"easy_villagers:trader":1,"minecraft:flint_and_steel":1,"easy_villagers:iron_farm":2},"minecraft:killed_by":{"minecraft:player":4,"minecraft:zombie":1}},"DataVersion":3465}