{"stats":{"minecraft:killed":{"minecraft:villager":1,"grimoireofgaia:centaur":1},"minecraft:picked_up":{"easy_villagers:breeder":1,"minecraft:leather":2,"easy_villagers:farmer":1,"easy_villagers:iron_farm":1,"minecraft:loom":1,"tombstone:gift":1,"easy_villagers:villager":1,"tacz:modern_kinetic_gun":1,"minecraft:iron_nugget":1},"minecraft:used":{"easy_villagers:villager":1,"minecraft:firework_rocket":16,"minecraft:flint_and_steel":6,"mobcapturingtool:mob_capturing_tool":1,"easy_villagers:trader":1,"easy_villagers:incubator":1,"alexscaves:spawn_egg_nucleeper":1,"alexscaves:nuclear_bomb":2},"minecraft:custom":{"minecraft:time_since_rest":2251,"minecraft:sprint_one_cm":18959,"minecraft:damage_taken":7924,"minecraft:walk_one_cm":75149,"minecraft:mob_kills":2,"minecraft:drop":18,"minecraft:talked_to_villager":6,"minecraft:fly_one_cm":538455,"minecraft:player_kills":4,"minecraft:open_chest":1,"minecraft:crouch_one_cm":240,"minecraft:play_time":121721,"minecraft:deaths":10,"minecraft:sneak_time":335,"minecraft:walk_under_water_one_cm":6509,"tombstone:villager_killed":1,"minecraft:aviate_one_cm":1779164,"minecraft:jump":195,"minecraft:leave_game":15,"minecraft:walk_on_water_one_cm":2198,"minecraft:time_since_death":2441,"minecraft:total_world_time":121721,"minecraft:fall_one_cm":8221},"minecraft:dropped":{"easy_villagers:farmer":2,"easy_villagers:breeder":2,"minecraft:loom":2,"easy_villagers:converter":1,"tombstone:gift":2,"easy_villagers:auto_trader":1,"easy_villagers:villager":2,"mobcapturingtool:mob_capturing_tool":1,"tacz:modern_kinetic_gun":1,"easy_villagers:trader":1,"minecraft:flint_and_steel":1,"easy_villagers:iron_farm":2},"minecraft:killed_by":{"minecraft:player":6,"minecraft:zombie":1}},"DataVersion":3465}