{"stats":{"minecraft:used":{"minecraft:birch_sapling":1,"alexsmobs:animal_dictionary":1},"minecraft:dropped":{"croptopia:blackbean_seed":4,"minecraft:poppy":1,"minecraft:wheat_seeds":1,"croptopia:blackbean":2,"croptopia:nectarine":1},"minecraft:mined":{"minecraft:grass":4,"croptopia:nectarine_crop":1,"minecraft:grass_block":2,"croptopia:cherry_crop":1,"croptopia:blackbean_crop":1,"minecraft:birch_leaves":3,"minecraft:oak_leaves":1,"croptopia:apricot_crop":2},"minecraft:picked_up":{"croptopia:cherry":2,"croptopia:apricot":2,"croptopia:nectarine":1,"croptopia:blackbean":2,"minecraft:wheat_seeds":1,"croptopia:blackbean_seed":4,"minecraft:poppy":1,"minecraft:birch_sapling":1,"minecraft:dirt":2},"minecraft:killed_by":{"grimoireofgaia:dryad":1},"minecraft:custom":{"minecraft:time_since_rest":3361,"minecraft:sprint_one_cm":10269,"minecraft:crouch_one_cm":359,"minecraft:play_time":11681,"minecraft:deaths":1,"minecraft:damage_taken":268,"minecraft:walk_one_cm":14670,"minecraft:sneak_time":584,"minecraft:drop":7,"minecraft:jump":124,"minecraft:damage_dealt":321,"minecraft:leave_game":2,"minecraft:time_since_death":3676,"minecraft:total_world_time":11681,"minecraft:fly_one_cm":11994,"minecraft:fall_one_cm":2752}},"DataVersion":3465}