{"stats":{"minecraft:killed":{"minecraft:villager":1},"minecraft:picked_up":{"easy_villagers:villager":1,"easy_villagers:breeder":1,"tacz:modern_kinetic_gun":1,"easy_villagers:farmer":1,"easy_villagers:iron_farm":1,"minecraft:loom":1},"minecraft:custom":{"minecraft:damage_taken":1570,"minecraft:time_since_rest":2272,"minecraft:play_time":90952,"minecraft:walk_one_cm":22227,"minecraft:crouch_one_cm":240,"minecraft:sprint_one_cm":289,"minecraft:deaths":3,"minecraft:sneak_time":235,"minecraft:mob_kills":1,"minecraft:drop":15,"tombstone:villager_killed":1,"minecraft:jump":32,"minecraft:leave_game":12,"minecraft:time_since_death":0,"minecraft:total_world_time":90952,"minecraft:talked_to_villager":6,"minecraft:fly_one_cm":449076},"minecraft:used":{"easy_villagers:villager":1,"minecraft:flint_and_steel":1,"easy_villagers:incubator":1,"mobcapturingtool:mob_capturing_tool":1,"easy_villagers:trader":1,"alexscaves:spawn_egg_nucleeper":1,"alexscaves:nuclear_bomb":1},"minecraft:dropped":{"easy_villagers:villager":2,"easy_villagers:farmer":2,"mobcapturingtool:mob_capturing_tool":1,"tacz:modern_kinetic_gun":1,"easy_villagers:breeder":2,"easy_villagers:converter":1,"minecraft:loom":2,"easy_villagers:trader":1,"easy_villagers:auto_trader":1,"easy_villagers:iron_farm":2},"minecraft:killed_by":{"minecraft:player":1,"minecraft:zombie":1}},"DataVersion":3465}