{"stats":{"minecraft:mined":{"minecraft:grass":1,"minecraft:birch_log":1,"croptopia:blueberry_crop":1},"minecraft:picked_up":{"minecraft:birch_log":1,"croptopia:blackberry_seed":2,"croptopia:blackberry":1,"croptopia:radish_seed":1,"croptopia:tomato_seed":1,"croptopia:blueberry":1,"croptopia:blueberry_seed":2},"minecraft:custom":{"minecraft:time_since_rest":5482,"minecraft:play_time":5482,"minecraft:sprint_one_cm":3280,"minecraft:damage_taken":10,"minecraft:walk_one_cm":4387,"minecraft:drop":4,"minecraft:jump":22,"minecraft:damage_dealt":60,"minecraft:time_since_death":5482,"minecraft:total_world_time":5482,"minecraft:fly_one_cm":2406},"minecraft:used":{"minecraft:birch_log":1},"minecraft:dropped":{"croptopia:tomato_seed":1,"croptopia:radish_seed":1,"croptopia:blackberry_seed":2,"croptopia:blueberry_seed":2}},"DataVersion":3465}