{"stats":{"minecraft:mined":{"croptopia:nectarine_crop":1,"minecraft:grass_block":2},"minecraft:picked_up":{"minecraft:poppy":1,"croptopia:nectarine":1,"minecraft:dirt":2},"minecraft:custom":{"minecraft:jump":20,"minecraft:time_since_rest":3005,"minecraft:leave_game":1,"minecraft:crouch_one_cm":166,"minecraft:damage_dealt":70,"minecraft:sprint_one_cm":464,"minecraft:play_time":3005,"minecraft:damage_taken":18,"minecraft:time_since_death":3005,"minecraft:walk_one_cm":3574,"minecraft:sneak_time":501,"minecraft:total_world_time":3005,"minecraft:fall_one_cm":1254,"minecraft:fly_one_cm":1402}},"DataVersion":3465}