{"stats":{"minecraft:mined":{"minecraft:grass":1,"minecraft:sand":2,"minecraft:birch_log":1,"croptopia:blueberry_crop":1},"minecraft:picked_up":{"minecraft:birch_log":2,"croptopia:blackberry_seed":2,"croptopia:blackberry":1,"croptopia:radish_seed":1,"croptopia:tomato_seed":1,"minecraft:sand":2,"croptopia:blueberry":1,"croptopia:blueberry_seed":2},"minecraft:custom":{"minecraft:time_since_rest":11109,"minecraft:crouch_one_cm":1,"minecraft:play_time":11109,"minecraft:sprint_one_cm":10961,"minecraft:damage_taken":385,"minecraft:walk_one_cm":8441,"minecraft:sneak_time":45,"minecraft:walk_under_water_one_cm":3254,"minecraft:drop":4,"minecraft:jump":87,"minecraft:damage_dealt_resisted":160,"minecraft:damage_dealt":886,"minecraft:leave_game":1,"minecraft:time_since_death":11109,"minecraft:walk_on_water_one_cm":14105,"minecraft:total_world_time":11109,"minecraft:swim_one_cm":12283,"minecraft:fall_one_cm":1254,"minecraft:fly_one_cm":15133},"minecraft:used":{"minecraft:sand":2,"minecraft:birch_log":1},"minecraft:dropped":{"croptopia:tomato_seed":1,"croptopia:radish_seed":1,"croptopia:blackberry_seed":2,"croptopia:blueberry_seed":2}},"DataVersion":3465}