{"stats":{"minecraft:killed":{"minecraft:villager":1,"grimoireofgaia:centaur":2},"minecraft:picked_up":{"easy_villagers:breeder":1,"minecraft:leather":2,"easy_villagers:farmer":1,"easy_villagers:iron_farm":1,"minecraft:loom":1,"tombstone:gift":1,"easy_villagers:villager":1,"tacz:modern_kinetic_gun":1,"minecraft:iron_nugget":1},"minecraft:used":{"easy_villagers:villager":1,"minecraft:firework_rocket":16,"minecraft:flint_and_steel":6,"mobcapturingtool:mob_capturing_tool":1,"easy_villagers:trader":1,"easy_villagers:incubator":1,"alexscaves:spawn_egg_nucleeper":1,"alexscaves:nuclear_bomb":2},"minecraft:custom":{"minecraft:time_since_rest":8951,"minecraft:sprint_one_cm":19899,"minecraft:damage_taken":8113,"minecraft:walk_one_cm":78298,"minecraft:mob_kills":3,"minecraft:drop":18,"minecraft:talked_to_villager":6,"minecraft:fly_one_cm":539384,"minecraft:player_kills":4,"minecraft:open_chest":1,"minecraft:crouch_one_cm":302,"minecraft:play_time":128421,"minecraft:deaths":10,"minecraft:sneak_time":379,"minecraft:walk_under_water_one_cm":6509,"tombstone:villager_killed":1,"minecraft:aviate_one_cm":1780268,"minecraft:jump":212,"minecraft:leave_game":17,"minecraft:walk_on_water_one_cm":2198,"minecraft:time_since_death":9141,"minecraft:total_world_time":128421,"minecraft:fall_one_cm":8743},"minecraft:dropped":{"easy_villagers:farmer":2,"easy_villagers:breeder":2,"minecraft:loom":2,"easy_villagers:converter":1,"tombstone:gift":2,"easy_villagers:auto_trader":1,"easy_villagers:villager":2,"mobcapturingtool:mob_capturing_tool":1,"tacz:modern_kinetic_gun":1,"easy_villagers:trader":1,"minecraft:flint_and_steel":1,"easy_villagers:iron_farm":2},"minecraft:killed_by":{"minecraft:player":6,"minecraft:zombie":1}},"DataVersion":3465}