{"stats":{"minecraft:killed_by":{"minecraft:zombie":1},"minecraft:dropped":{"mobcapturingtool:mob_capturing_tool":1},"minecraft:used":{"alexscaves:spawn_egg_nucleeper":1,"mobcapturingtool:mob_capturing_tool":1,"easy_villagers:trader":1,"alexscaves:nuclear_bomb":1,"minecraft:flint_and_steel":1,"easy_villagers:incubator":1},"minecraft:custom":{"minecraft:jump":14,"minecraft:time_since_rest":3017,"minecraft:damage_taken":270,"minecraft:leave_game":9,"minecraft:crouch_one_cm":236,"minecraft:play_time":54209,"minecraft:sprint_one_cm":22,"minecraft:time_since_death":0,"minecraft:walk_one_cm":10224,"minecraft:deaths":2,"minecraft:sneak_time":187,"minecraft:total_world_time":54209,"minecraft:drop":1,"minecraft:fly_one_cm":415414}},"DataVersion":3465}