{"stats":{"minecraft:killed_by":{"minecraft:zombie":1},"minecraft:used":{"easy_villagers:incubator":1,"easy_villagers:trader":1},"minecraft:custom":{"minecraft:jump":2,"minecraft:time_since_rest":11041,"minecraft:crouch_one_cm":125,"minecraft:damage_taken":270,"minecraft:leave_game":6,"minecraft:play_time":31486,"minecraft:walk_one_cm":3678,"minecraft:time_since_death":13155,"minecraft:deaths":1,"minecraft:sneak_time":37,"minecraft:total_world_time":31486,"minecraft:fly_one_cm":4079}},"DataVersion":3465}