{"stats":{"minecraft:killed_by":{"minecraft:zombie":1},"minecraft:dropped":{"mobcapturingtool:mob_capturing_tool":1},"minecraft:used":{"easy_villagers:incubator":1,"mobcapturingtool:mob_capturing_tool":1,"easy_villagers:trader":1,"alexscaves:nuclear_bomb":1,"minecraft:flint_and_steel":1,"alexscaves:spawn_egg_nucleeper":1},"minecraft:custom":{"minecraft:jump":14,"minecraft:sprint_one_cm":22,"minecraft:time_since_rest":29330,"minecraft:damage_taken":270,"minecraft:crouch_one_cm":236,"minecraft:leave_game":8,"minecraft:play_time":49775,"minecraft:time_since_death":31444,"minecraft:walk_one_cm":10224,"minecraft:deaths":1,"minecraft:sneak_time":187,"minecraft:total_world_time":49775,"minecraft:drop":1,"minecraft:fly_one_cm":415414}},"DataVersion":3465}