{"stats":{"minecraft:killed":{"minecraft:villager":1},"minecraft:picked_up":{"easy_villagers:breeder":1,"easy_villagers:farmer":1,"easy_villagers:iron_farm":1,"minecraft:loom":1,"tombstone:gift":1,"easy_villagers:villager":1,"tacz:modern_kinetic_gun":1},"minecraft:used":{"easy_villagers:villager":1,"minecraft:flint_and_steel":6,"mobcapturingtool:mob_capturing_tool":1,"easy_villagers:trader":1,"easy_villagers:incubator":1,"alexscaves:spawn_egg_nucleeper":1,"alexscaves:nuclear_bomb":2},"minecraft:custom":{"minecraft:time_since_rest":1,"minecraft:sprint_one_cm":12687,"minecraft:walk_one_cm":60485,"minecraft:damage_taken":6500,"minecraft:mob_kills":1,"minecraft:drop":16,"minecraft:talked_to_villager":6,"minecraft:fly_one_cm":505364,"minecraft:player_kills":3,"minecraft:open_chest":1,"minecraft:crouch_one_cm":240,"minecraft:play_time":101680,"minecraft:deaths":6,"minecraft:sneak_time":235,"minecraft:walk_under_water_one_cm":1287,"tombstone:villager_killed":1,"minecraft:aviate_one_cm":8464,"minecraft:jump":130,"minecraft:leave_game":13,"minecraft:time_since_death":778,"minecraft:walk_on_water_one_cm":2133,"minecraft:total_world_time":101680,"minecraft:fall_one_cm":242},"minecraft:dropped":{"easy_villagers:farmer":2,"easy_villagers:breeder":2,"minecraft:loom":2,"easy_villagers:converter":1,"tombstone:gift":1,"easy_villagers:auto_trader":1,"easy_villagers:villager":2,"mobcapturingtool:mob_capturing_tool":1,"tacz:modern_kinetic_gun":1,"easy_villagers:trader":1,"easy_villagers:iron_farm":2},"minecraft:killed_by":{"minecraft:player":3,"minecraft:zombie":1}},"DataVersion":3465}