{"stats":{"minecraft:killed_by":{"minecraft:zombie":1},"minecraft:dropped":{"mobcapturingtool:mob_capturing_tool":1},"minecraft:used":{"alexscaves:spawn_egg_nucleeper":1,"mobcapturingtool:mob_capturing_tool":1,"easy_villagers:trader":1,"alexscaves:nuclear_bomb":1,"minecraft:flint_and_steel":1,"easy_villagers:incubator":1},"minecraft:custom":{"minecraft:jump":17,"minecraft:time_since_rest":1,"minecraft:damage_taken":270,"minecraft:leave_game":10,"minecraft:crouch_one_cm":240,"minecraft:play_time":58227,"minecraft:sprint_one_cm":22,"minecraft:time_since_death":1367,"minecraft:walk_one_cm":10435,"minecraft:deaths":2,"minecraft:sneak_time":226,"minecraft:total_world_time":58227,"minecraft:drop":1,"minecraft:fly_one_cm":433613}},"DataVersion":3465}