{
  "croptopia:recipes/veggie_salad": {
    "criteria": {
      "has_the_recipe": "2024-07-17 16:13:59 +0000"
    },
    "done": true
  },
  "croptopia:recipes/shaped_roasted_radishes": {
    "criteria": {
      "has_radish": "2024-07-17 16:14:11 +0000"
    },
    "done": true
  },
  "alexsmobs:alexsmobs/root": {
    "criteria": {
      "useitem": "2024-07-17 16:14:58 +0000"
    },
    "done": true
  },
  "croptopia:recipes/limeade": {
    "criteria": {
      "has_lime": "2024-07-17 16:13:54 +0000"
    },
    "done": true
  },
  "croptopia:recipes/fruit_smoothie": {
    "criteria": {
      "has_fruit": "2024-07-17 16:13:54 +0000"
    },
    "done": true
  },
  "minecraft:recipes/decorations/crafting_table": {
    "criteria": {
      "unlock_right_away": "2024-07-17 16:11:59 +0000"
    },
    "done": true
  },
  "minecraft:husbandry/root": {
    "criteria": {
      "consumed_item": "2024-07-17 16:14:31 +0000"
    },
    "done": true
  },
  "cataclysm:root": {
    "criteria": {
      "custom_test_name": "2024-07-17 16:11:59 +0000"
    },
    "done": true
  },
  "croptopia:recipes/salsa": {
    "criteria": {
      "has_lime": "2024-07-17 16:13:54 +0000"
    },
    "done": true
  },
  "croptopia:recipes/misc/tomato_seed": {
    "criteria": {
      "has_tomato": "2024-07-17 16:13:59 +0000"
    },
    "done": true
  },
  "iceandfire:iceandfire/root": {
    "criteria": {
      "tick": "2024-07-17 16:11:59 +0000"
    },
    "done": true
  },
  "croptopia:recipes/crema": {
    "criteria": {
      "has_lime": "2024-07-17 16:13:54 +0000"
    },
    "done": true
  },
  "croptopia:recipes/misc/radish_seed": {
    "criteria": {
      "has_radish": "2024-07-17 16:14:11 +0000"
    },
    "done": true
  },
  "croptopia:recipes/misc/blackberry_seed": {
    "criteria": {
      "has_blackberry": "2024-07-17 16:14:17 +0000"
    },
    "done": true
  },
  "croptopia:gather_forest": {
    "criteria": {
      "blackberry_seed": "2024-07-17 16:14:18 +0000",
      "radish_seed": "2024-07-17 16:14:11 +0000",
      "elderberry_seed": "2024-07-17 16:14:15 +0000",
      "tomato_seed": "2024-07-17 16:13:59 +0000"
    },
    "done": false
  },
  "croptopia:recipes/documentation": {
    "criteria": {
      "has_crop": "2024-07-17 16:13:54 +0000"
    },
    "done": true
  },
  "croptopia:gather_all": {
    "criteria": {
      "elderberry_seed": "2024-07-17 16:14:15 +0000",
      "tomato_seed": "2024-07-17 16:13:59 +0000",
      "blackberry_seed": "2024-07-17 16:14:18 +0000"
    },
    "done": false
  },
  "croptopia:recipes/misc/elderberry_seed": {
    "criteria": {
      "has_elderberry": "2024-07-17 16:14:15 +0000"
    },
    "done": true
  },
  "croptopia:recipes/misc/elderberry_jam": {
    "criteria": {
      "has_elderberry": "2024-07-17 16:14:15 +0000"
    },
    "done": true
  },
  "croptopia:getseeds": {
    "criteria": {
      "has_seeds": "2024-07-17 16:13:59 +0000"
    },
    "done": true
  },
  "minecraft:adventure/adventuring_time": {
    "criteria": {
      "minecraft:beach": "2024-07-17 16:12:00 +0000",
      "minecraft:forest": "2024-07-17 16:13:40 +0000"
    },
    "done": false
  },
  "grimoireofgaia:main/root": {
    "criteria": {
      "join": "2024-07-17 16:11:59 +0000"
    },
    "done": true
  },
  "croptopia:recipes/misc/blackberry_jam": {
    "criteria": {
      "has_blackberry": "2024-07-17 16:14:17 +0000"
    },
    "done": true
  },
  "croptopia:recipes/misc/tomato_juice": {
    "criteria": {
      "has_tomato": "2024-07-17 16:13:59 +0000"
    },
    "done": true
  },
  "tombstone:adventure/root": {
    "criteria": {
      "auto": "2024-07-17 16:12:00 +0000"
    },
    "done": true
  },
  "croptopia:recipes/misc/lime_sapling": {
    "criteria": {
      "has_lime": "2024-07-17 16:13:54 +0000"
    },
    "done": true
  },
  "DataVersion": 3465
}