{
  "minecraft:recipes/decorations/crafting_table": {
    "criteria": {
      "unlock_right_away": "2024-07-17 00:25:12 +0000"
    },
    "done": true
  },
  "cataclysm:root": {
    "criteria": {
      "custom_test_name": "2024-07-17 00:25:12 +0000"
    },
    "done": true
  },
  "iceandfire:iceandfire/root": {
    "criteria": {
      "tick": "2024-07-17 00:25:12 +0000"
    },
    "done": true
  },
  "grimoireofgaia:main/root": {
    "criteria": {
      "join": "2024-07-17 00:25:12 +0000"
    },
    "done": true
  },
  "minecraft:adventure/adventuring_time": {
    "criteria": {
      "minecraft:forest": "2024-07-17 00:25:13 +0000"
    },
    "done": false
  },
  "tombstone:adventure/root": {
    "criteria": {
      "auto": "2024-07-17 00:25:13 +0000"
    },
    "done": true
  },
  "croptopia:recipes/fruit_smoothie": {
    "criteria": {
      "has_fruit": "2024-07-17 00:25:42 +0000"
    },
    "done": true
  },
  "croptopia:recipes/misc/raspberry_jam": {
    "criteria": {
      "has_raspberry": "2024-07-17 00:25:42 +0000"
    },
    "done": true
  },
  "croptopia:gather_forest": {
    "criteria": {
      "blackbean_seed": "2024-07-17 00:37:43 +0000",
      "tea_seed": "2024-07-17 00:34:15 +0000",
      "tomato_seed": "2024-07-17 00:25:47 +0000",
      "raspberry_seed": "2024-07-17 00:25:42 +0000"
    },
    "done": false
  },
  "croptopia:recipes/documentation": {
    "criteria": {
      "has_crop": "2024-07-17 00:25:42 +0000"
    },
    "done": true
  },
  "croptopia:gather_all": {
    "criteria": {
      "blackbean_seed": "2024-07-17 00:37:43 +0000",
      "tea_seed": "2024-07-17 00:34:15 +0000",
      "tomato_seed": "2024-07-17 00:25:47 +0000",
      "raspberry_seed": "2024-07-17 00:25:42 +0000"
    },
    "done": false
  },
  "croptopia:getseeds": {
    "criteria": {
      "has_seeds": "2024-07-17 00:25:42 +0000"
    },
    "done": true
  },
  "croptopia:recipes/misc/raspberry_seed": {
    "criteria": {
      "has_raspberry": "2024-07-17 00:25:42 +0000"
    },
    "done": true
  },
  "croptopia:recipes/veggie_salad": {
    "criteria": {
      "has_the_recipe": "2024-07-17 00:25:47 +0000"
    },
    "done": true
  },
  "croptopia:recipes/misc/tomato_seed": {
    "criteria": {
      "has_tomato": "2024-07-17 00:25:47 +0000"
    },
    "done": true
  },
  "croptopia:recipes/misc/tomato_juice": {
    "criteria": {
      "has_tomato": "2024-07-17 00:25:47 +0000"
    },
    "done": true
  },
  "croptopia:recipes/misc/nectarine_sapling": {
    "criteria": {
      "has_nectarine": "2024-07-17 00:26:12 +0000"
    },
    "done": true
  },
  "alexsmobs:alexsmobs/root": {
    "criteria": {
      "useitem": "2024-07-17 00:26:22 +0000"
    },
    "done": true
  },
  "minecraft:husbandry/root": {
    "criteria": {
      "consumed_item": "2024-07-17 00:26:22 +0000"
    },
    "done": true
  },
  "tombstone:adventure/first_grave": {
    "criteria": {
      "coded_trigger": "2024-07-17 00:28:19 +0000"
    },
    "done": true
  },
  "tombstone:recipes/from_grave_key": {
    "criteria": {
      "has_ingredient": "2024-07-17 00:28:21 +0000"
    },
    "done": true
  },
  "croptopia:recipes/pork_and_beans": {
    "criteria": {
      "has_beans": "2024-07-17 00:37:43 +0000"
    },
    "done": true
  },
  "croptopia:recipes/stuffed_poblanos": {
    "criteria": {
      "has_beans": "2024-07-17 00:37:43 +0000"
    },
    "done": true
  },
  "croptopia:recipes/burrito": {
    "criteria": {
      "has_beans": "2024-07-17 00:37:43 +0000",
      "has_the_recipe": "2024-07-17 00:37:43 +0000"
    },
    "done": true
  },
  "croptopia:recipes/misc/blackbean_seed": {
    "criteria": {
      "has_blackbean": "2024-07-17 00:37:43 +0000"
    },
    "done": true
  },
  "croptopia:recipes/shaped_tea": {
    "criteria": {
      "has_tea_seed": "2024-07-17 00:29:58 +0000"
    },
    "done": true
  },
  "croptopia:gather_drinks": {
    "criteria": {
      "tea": "2024-07-17 00:31:46 +0000"
    },
    "done": false
  },
  "minecraft:recipes/misc/red_dye_from_poppy": {
    "criteria": {
      "has_poppy": "2024-07-17 00:36:10 +0000"
    },
    "done": true
  },
  "alexsmobs:alexsmobs/seagull_steal": {
    "criteria": {
      "ex": "2024-07-17 00:38:44 +0000"
    },
    "done": true
  },
  "croptopia:recipes/food/baked_beans_from_blackbean": {
    "criteria": {
      "has_blackbean": "2024-07-17 00:37:43 +0000"
    },
    "done": true
  },
  "grimoireofgaia:main/cyan_flower": {
    "criteria": {
      "kill": "2024-07-17 00:36:10 +0000"
    },
    "done": true
  },
  "croptopia:recipes/tostada": {
    "criteria": {
      "has_beans": "2024-07-17 00:37:43 +0000"
    },
    "done": true
  },
  "croptopia:recipes/food/baked_beans_from_smoking_blackbean": {
    "criteria": {
      "has_blackbean": "2024-07-17 00:37:43 +0000"
    },
    "done": true
  },
  "minecraft:adventure/root": {
    "criteria": {
      "killed_something": "2024-07-17 00:36:10 +0000"
    },
    "done": true
  },
  "croptopia:recipes/campfire_baked_beans": {
    "criteria": {
      "has_beans": "2024-07-17 00:37:43 +0000"
    },
    "done": true
  },
  "croptopia:recipes/refried_beans": {
    "criteria": {
      "has_beans": "2024-07-17 00:37:43 +0000"
    },
    "done": true
  },
  "croptopia:recipes/misc/tea_seed": {
    "criteria": {
      "has_tea_leaves": "2024-07-17 00:29:58 +0000"
    },
    "done": true
  },
  "croptopia:getdrinks": {
    "criteria": {
      "has_drink": "2024-07-17 00:31:46 +0000"
    },
    "done": true
  },
  "DataVersion": 3465
}