{
  "croptopia:recipes/limeade": {
    "criteria": {
      "has_lime": "2024-07-17 16:13:56 +0000"
    },
    "done": true
  },
  "croptopia:recipes/fruit_smoothie": {
    "criteria": {
      "has_fruit": "2024-07-17 16:13:56 +0000"
    },
    "done": true
  },
  "minecraft:recipes/decorations/crafting_table": {
    "criteria": {
      "unlock_right_away": "2024-07-17 16:11:29 +0000"
    },
    "done": true
  },
  "minecraft:husbandry/root": {
    "criteria": {
      "consumed_item": "2024-07-17 16:14:51 +0000"
    },
    "done": true
  },
  "cataclysm:root": {
    "criteria": {
      "custom_test_name": "2024-07-17 16:11:29 +0000"
    },
    "done": true
  },
  "croptopia:recipes/salsa": {
    "criteria": {
      "has_lime": "2024-07-17 16:13:56 +0000"
    },
    "done": true
  },
  "iceandfire:iceandfire/root": {
    "criteria": {
      "tick": "2024-07-17 16:11:29 +0000"
    },
    "done": true
  },
  "croptopia:recipes/crema": {
    "criteria": {
      "has_lime": "2024-07-17 16:13:56 +0000"
    },
    "done": true
  },
  "croptopia:recipes/misc/blackberry_seed": {
    "criteria": {
      "has_blackberry": "2024-07-17 16:14:21 +0000"
    },
    "done": true
  },
  "croptopia:gather_forest": {
    "criteria": {
      "blackberry_seed": "2024-07-17 16:14:21 +0000",
      "radish_seed": "2024-07-17 16:14:15 +0000",
      "tomato_seed": "2024-07-17 16:14:55 +0000"
    },
    "done": false
  },
  "croptopia:recipes/documentation": {
    "criteria": {
      "has_crop": "2024-07-17 16:13:56 +0000"
    },
    "done": true
  },
  "croptopia:gather_all": {
    "criteria": {
      "tomato_seed": "2024-07-17 16:14:55 +0000",
      "blackberry_seed": "2024-07-17 16:14:21 +0000"
    },
    "done": false
  },
  "croptopia:getseeds": {
    "criteria": {
      "has_seeds": "2024-07-17 16:14:15 +0000"
    },
    "done": true
  },
  "minecraft:adventure/adventuring_time": {
    "criteria": {
      "minecraft:beach": "2024-07-17 16:12:47 +0000",
      "minecraft:forest": "2024-07-17 16:11:30 +0000"
    },
    "done": false
  },
  "grimoireofgaia:main/root": {
    "criteria": {
      "join": "2024-07-17 16:11:29 +0000"
    },
    "done": true
  },
  "croptopia:recipes/misc/blackberry_jam": {
    "criteria": {
      "has_blackberry": "2024-07-17 16:14:21 +0000"
    },
    "done": true
  },
  "tombstone:adventure/root": {
    "criteria": {
      "auto": "2024-07-17 16:11:30 +0000"
    },
    "done": true
  },
  "croptopia:recipes/misc/lime_sapling": {
    "criteria": {
      "has_lime": "2024-07-17 16:13:56 +0000"
    },
    "done": true
  },
  "DataVersion": 3465
}